BAD,LOAN,MORTDUE,VALUE,REASON,JOB,YOJ,DEROG,DELINQ,CLAGE,NINQ,CLNO,DEBTINC,Period
1,1500,,,,,,,,,,,,1
0,1700,97800,112000,HomeImp,Office,3,0,0,93.333333333,0,14,,1
1,1700,30548,40320,HomeImp,Other,9,0,0,101.46600191,1,8,37.113613558,1
1,1800,48649,57037,HomeImp,Other,5,3,2,77.1,1,17,,1
1,2000,22608,,,,18,,,,,,,1
1,2000,45000,55000,HomeImp,Other,3,0,0,86.066666667,2,25,,1
0,2000,64536,87400,,Mgr,2.5,0,0,147.13333333,0,24,,1
1,2300,28192,40150,HomeImp,Other,4.5,0,0,54.6,1,16,,1
1,2300,37626,46200,HomeImp,Other,3,0,1,122.26666667,1,14,,1
1,2400,,17180,HomeImp,Other,,0,0,14.566666667,3,4,,1
1,2400,34863,47471,HomeImp,Mgr,12,0,0,70.491080032,1,21,38.263600731,1
1,2500,15000,20200,HomeImp,,18,0,0,136.06666667,1,19,,1
1,2800,50795,63100,HomeImp,Self,26,2,15,145.63333333,3,45,,1
1,2800,4000,60850,HomeImp,Other,16,4,0,112.63333333,2,9,,1
0,3000,104570,121729,HomeImp,Office,2,0,0,85.884371895,0,14,32.059783267,1
1,3000,7000,20300,HomeImp,Other,3,0,0,50.8,5,9,,1
1,3000,,8800,HomeImp,Other,2,0,1,77.766666667,0,3,,1
1,3000,,33000,HomeImp,Other,1,0,1,23.3,1,2,,1
1,3000,47000,82700,HomeImp,ProfExe,10,0,1,262.16666667,5,26,,1
1,3000,34542,45900,HomeImp,Mgr,8.5,0,2,62.366666667,0,10,,1
0,3000,58000,71500,HomeImp,Mgr,10,,2,211.93333333,0,25,,1
0,3200,67848,74566,HomeImp,Mgr,10,,1,206.42660206,0,25,40.115677278,1
1,3200,48603,61000,HomeImp,ProfExe,28,0,4,122.03333333,1,25,,1
1,3300,130518,164317,DebtCon,Other,9,0,6,192.28914897,0,33,35.73055919,1
1,3400,37000,52000,HomeImp,Office,2,0,1,183.29991561,0,6,,1
1,3500,23200,38666,HomeImp,Other,11,0,0,162.36666667,0,14,,1
0,3600,61327,76484,HomeImp,Mgr,9,,2,202.51077515,0,25,41.516389699,1
1,3600,48507,61000,DebtCon,Office,13,1,4,97.4,0,17,,1
1,3900,14500,22092,HomeImp,Other,3.5,0,1,150.3,5,8,,1
1,4000,,80609,HomeImp,Other,1.5,0,2,126.53333333,3,12,,1
1,4000,26572,31960,HomeImp,Office,11,0,0,117.79510387,0,8,41.286491948,1
1,4000,58000,69440,HomeImp,Other,3.5,0,1,168.66666667,0,18,,1
1,4000,45000,58350,HomeImp,Mgr,3.5,0,0,162,3,16,,1
1,4000,7000,16020,HomeImp,Other,18,0,1,85.8,2,23,,1
1,4000,74000,93000,HomeImp,ProfExe,2.6,1,3,186.63333333,,9,,1
0,4000,67625,80698,HomeImp,Mgr,11,,1,212.34930388,0,25,39.128717628,1
0,4100,57992,63797,DebtCon,ProfExe,7,0,4,165.50503695,1,31,22.27817437,1
1,4200,34800,50225,HomeImp,Other,2,1,0,93.5,1,5,,1
0,4200,67700,77000,DebtCon,Sales,4,0,0,128.83333333,0,31,,1
0,4300,68815,79852,HomeImp,Other,6,0,0,105.12070881,0,14,41.806376152,1
0,4400,53969,63869,DebtCon,ProfExe,7,0,3,162.39001067,0,30,23.581079239,1
1,4500,39000,66000,HomeImp,Other,1,0,0,170.36666667,1,19,,1
0,4500,71082,79247,HomeImp,Other,4,0,0,118.76041007,0,14,41.421110521,1
0,4500,45500,50000,HomeImp,Other,6,0,0,86.166666667,0,18,,1
1,4500,118000,146870,HomeImp,ProfExe,4.5,2,0,203.86666667,1,20,,1
1,4500,90000,105800,HomeImp,Other,6,2,3,80.1,3,10,,1
0,4700,67913,97205,,Mgr,2,0,0,142.82439151,0,24,35.226997192,1
1,4700,26900,45000,HomeImp,ProfExe,9,1,2,90.466666667,1,16,,1
0,4800,67317,97191,,Mgr,3,0,0,137.31972481,0,23,34.275293777,1
0,4800,56067,63102,DebtCon,ProfExe,9,0,3,160.14631128,1,30,21.583760121,1
1,4900,25597,23031,HomeImp,Other,5,0,0,101.74676644,0,8,33.243156978,1
0,4900,,28437.5,HomeImp,,,,,,,,,1
0,4900,,69706,,,,,,,,,33.705587738,1
0,5000,66839,87168,HomeImp,Other,4,0,0,122.59722258,0,15,40.616779346,1
1,5000,40000,70500,HomeImp,Mgr,0.4,0,0,61.766666667,2,8,,1
1,5000,100882,102700,HomeImp,Mgr,5,0,1,58.866666667,0,16,,1
1,5000,31000,47350,HomeImp,ProfExe,12,,,,,,,1
1,5000,63125,126500,HomeImp,Office,3,0,0,100.3,0,14,,1
1,5000,34200,50830,HomeImp,Other,6,0,0,57,1,9,,1
1,5000,123000,157500,HomeImp,Mgr,9,,,,,,,1
1,5000,16600,25250,HomeImp,Other,6,0,0,88.7,1,3,,1
0,5000,74225,89640,DebtCon,ProfExe,0.3,,,,,,,1
0,5000,,65400,HomeImp,Office,1.5,0,0,51.766666667,0,4,,1
1,5000,10171,26809,HomeImp,Office,13,3,6,228.3,0,24,,1
1,5000,78893,82600,HomeImp,Mgr,16,0,0,133.9,1,34,,1
1,5000,85165,107940,HomeImp,Mgr,6,5,3,122.76666667,5,28,,1
1,5000,68000,75616,DebtCon,ProfExe,0.1,0,0,131.86666667,0,30,,1
1,5000,61999,75021.3,HomeImp,Other,5,0,0,97.1,0,23,,1
0,5000,66435,82819,HomeImp,Other,2,0,0,125.13062556,0,14,42.183538672,1
0,5100,179725,251962,DebtCon,Sales,,0,0,127.49881344,0,22,40.308259362,1
1,5100,9900,30451,HomeImp,Other,11,0,0,21.2,0,2,,1
0,5100,93000,116875,HomeImp,Other,10,,,417.63333333,2,50,,1
1,5200,,9500,DebtCon,Other,1,0,1,81.1,1,2,,1
0,5200,91250,110000,HomeImp,Office,24,0,0,123.76666667,1,12,,1
1,5200,40564,39527,HomeImp,Other,0,0,0,157.77103572,1,13,72.670433313,1
1,5300,51000,64000,HomeImp,Mgr,10,1,0,98.333333333,0,12,,1
0,5300,75958,91703,DebtCon,Other,0,0,0,124.1821788,1,10,34.599060194,1
0,5400,53429,64505,DebtCon,,5,,0,69.542430107,,16,36.480236299,1
0,5400,,65474,HomeImp,Office,1,0,0,40.709849004,0,4,37.848771035,1
0,5400,65814,85848,HomeImp,Other,4,0,0,122.9402886,0,15,44.092325682,1
0,5500,,35402,HomeImp,,,,,,,,35.272073735,1
1,5500,24700,35675,DebtCon,Other,1,0,3,153.93333333,3,27,,1
1,5500,37368,48502,HomeImp,Mgr,9,0,2,48.995845002,0,10,33.126483967,1
0,5500,71644,72696,HomeImp,Sales,4,2,0,150.86584513,0,22,40.442567785,1
1,5500,85845,122205,DebtCon,ProfExe,5,0,0,172.21327665,1,26,32.676640875,1
0,5600,76407,77485,HomeImp,Other,9,0,0,91.683770634,0,24,37.773350976,1
1,5600,5000,66700,HomeImp,Other,31,1,1,204.06666667,0,11,,1
0,5700,,68591,HomeImp,Office,0,0,0,69.645660473,0,4,41.185039558,1
1,5700,77213,92661,DebtCon,Sales,0,0,0,97.133170952,1,16,41.777888631,1
0,5700,,64910,,,,,,,,,33.850461221,1
0,5700,,69172,HomeImp,Office,1,0,0,48.853667057,0,3,38.773685963,1
0,5800,,36385,HomeImp,Other,2,0,0,266.55339438,1,25,43.309764541,1
0,5800,,34704,HomeImp,,,,,,,,34.174055545,1
0,6000,,69492,,,,,,,,,32.977197226,1
0,6000,95232,115977,HomeImp,Office,22,0,0,149.0229081,1,12,37.954336913,1
1,6000,47625,85925,HomeImp,Office,0.1,2,1,154.13333333,4,26,,1
1,6000,32446,54904,HomeImp,Other,2,0,0,51.733333333,1,9,,1
1,6000,22859,32200,DebtCon,Other,4,0,0,83.333333333,3,20,,1
0,6000,53500,64790,DebtCon,Other,0.1,0,2,105.4,3,18,,1
0,6000,51000,86125,HomeImp,ProfExe,6,0,0,222.16666667,2,24,,1
0,6000,53227,68700,HomeImp,Mgr,3,0,2,122.73333333,0,23,,1
1,6000,179397,200000,DebtCon,ProfExe,5,6,0,90.3,6,29,,1
1,6000,,95500,HomeImp,Mgr,6,1,2,129.9,1,22,,1
0,6100,91704,114799,HomeImp,Office,22,0,0,129.25008957,1,12,36.746766237,1
0,6100,,46830,HomeImp,,0,0,1,,0,0,13.306013076,1
0,6200,,33909,HomeImp,,,,,,,,34.517404516,1
0,6200,60354,87596,HomeImp,ProfExe,5,0,0,210.17306467,2,23,34.054811237,1
0,6200,73881,98550,HomeImp,Other,0,0,1,182.8787798,0,31,37.19944569,1
0,6200,45564,61956,HomeImp,Other,2,0,,101.16706032,,13,38.675140153,1
0,6300,99469,116260,HomeImp,Office,23,0,0,124.74559549,1,12,35.642270107,1
0,6300,55000,69000,DebtCon,ProfExe,13,0,0,130.06666667,0,20,,1
1,6300,12476,32559,HomeImp,Office,12,3,6,227.12990511,0,23,23.31951678,1
0,6400,47251,58157,HomeImp,Other,0,0,,104.79246836,,13,36.416886965,1
0,6400,53476,70157,DebtCon,ProfExe,7,0,3,164.31540986,1,30,21.137981572,1
0,6400,17491,63614,HomeImp,Office,23,0,0,325.29930871,0,12,40.244404369,1
0,6400,51436,91284,DebtCon,,4,0,0,209.64289843,2,30,31.971971208,1
1,6500,60054,70434,HomeImp,Other,1,0,0,127.06270157,2,21,37.800352933,1
0,6500,80739,97630,DebtCon,ProfExe,1,,,,,,30.531264536,1
1,6500,13600,,HomeImp,Other,14,2,5,115.36666667,1,16,,1
1,6500,48000,61000,DebtCon,Other,1,1,0,97.299756098,6,38,,1
0,6600,68733,81973,HomeImp,Other,5,0,0,96.977667199,0,14,42.211046784,1
1,6700,,81239,HomeImp,Other,19,,,,,,40.894931701,1
0,6700,69773,83014,HomeImp,Other,0,1,0,263.17343429,0,5,37.70699649,1
1,6700,,20631,HomeImp,Mgr,4,0,0,174.72183413,1,8,62.246451123,1
0,6800,57439,74816,HomeImp,Mgr,2,0,2,126.30323511,0,22,27.118653527,1
0,6800,,72310,HomeImp,Office,1,0,0,48.818836477,0,3,40.787393229,1
0,6800,71666,99913,HomeImp,Other,0,0,1,196.46499893,0,31,35.761604731,1
1,6900,53328,58088,DebtCon,Sales,2,0,0,101.5319079,0,21,35.764058362,1
1,6900,5816,,HomeImp,Mgr,23,0,2,67.8,1,18,,1
1,6900,57257,63752,DebtCon,Other,10,2,0,138.23477796,0,22,38.372460882,1
1,6900,37055,83000,HomeImp,Sales,1,0,0,122.26666667,2,43,,1
0,6900,50387,68443,DebtCon,Mgr,7,,3,105.82732904,2,10,40.717668846,1
0,6900,51384,84689,DebtCon,,4,0,0,224.2470369,3,29,30.526150723,1
0,6900,,36191,HomeImp,Other,,,,311.86989931,,12,30.790620774,1
0,7000,58128,93740,HomeImp,ProfExe,5,0,0,213.36302767,2,24,34.475301929,1
1,7000,19894,32500,DebtCon,Other,4,0,0,134.7,1,16,,1
1,7000,27290,63500,HomeImp,Office,6,,,,,,,1
0,7000,58843,75300,HomeImp,Other,1.5,0,0,103.66666667,0,7,,1
0,7000,5768,26600,,,,,,,,,,1
1,7000,53194,81150,HomeImp,ProfExe,14,7,0,183.63333333,2,28,,1
1,7000,83000,97635,HomeImp,Other,5.6,3,0,141,0,10,,1
1,7000,138841,160000,DebtCon,Mgr,11,8,0,86.2,2,36,,1
1,7000,38800,53500,HomeImp,ProfExe,15,0,0,96.366666667,0,18,,1
0,7000,64255,68389,HomeImp,Other,4,0,0,80.152430908,2,19,40.561860543,1
1,7000,,96783,HomeImp,Other,20,,,,,,40.730315337,1
1,7100,54000,74800,DebtCon,Mgr,7.5,1,1,71,4,18,,1
0,7100,54700,68500,DebtCon,,19,0,0,155.2,1,12,,1
0,7200,98691,115750,HomeImp,Office,22,0,0,118.00014232,0,11,37.72035861,1
0,7200,36264,48240,DebtCon,Other,15,0,0,82.166666667,0,12,,1
1,7200,46000,67000,DebtCon,Other,24,0,0,142,1,14,,1
0,7200,71667,117325,DebtCon,Office,0,0,1,241.05607809,1,38,18.510551331,1
1,7200,,76723,HomeImp,Other,10,0,0,70.193890188,0,11,41.250706258,1
1,7300,28500,42050,HomeImp,Other,3,,,,,,,1
1,7300,60971.32,77375,DebtCon,Other,2,,,,,,,1
0,7300,131000,197500,DebtCon,ProfExe,1.5,0,0,68.033333333,2,23,,1
0,7300,55456,86766,HomeImp,ProfExe,6,0,0,240.05677145,2,23,31.724698502,1
1,7400,2063,100448,HomeImp,Other,,0,0,96.133333333,0,14,,1
0,7400,72739,91425,DebtCon,ProfExe,3.5,0,0,128.83333333,0,26,,1
0,7400,82412,91326,DebtCon,Mgr,19,0,1,316.94708254,1,24,37.908750185,1
1,7500,,51610,HomeImp,ProfExe,4,0,3,158.26666667,2,18,,1
1,7500,,,HomeImp,Other,21,,,158.9,1,21,,1
1,7500,35945,49750,HomeImp,Other,3,0,0,122.06666667,0,23,,1
1,7500,80440,72920,HomeImp,Mgr,8,0,1,201.5,0,24,,1
1,7500,60000,87830,HomeImp,Other,5,0,0,153.26666667,2,16,,1
0,7500,49100,85650,HomeImp,Other,18,0,0,178.33466667,0,29,,1
1,7500,,71799,HomeImp,Mgr,4,0,3,177.5,0,22,,1
1,7500,39600,42000,DebtCon,Self,1,0,0,47.7,1,15,,1
1,7500,42077,91676,HomeImp,Office,5.5,1,4,344.9,1,30,,1
0,7500,60192,76475,DebtCon,ProfExe,8,0,0,60.503625209,2,24,39.280512379,1
1,7500,50000,80000,HomeImp,Other,9,,5,299.56666667,2,18,,1
0,7600,49926,58588,DebtCon,,5,,1,64.660106948,,16,35.051896774,1
0,7700,,68131,HomeImp,Office,1,0,0,56.609906288,0,3,40.499820445,1
0,7800,58364,66688,DebtCon,Other,3,0,2,114.51215796,3,18,37.929273869,1
0,7800,45391,61743,DebtCon,Other,12,0,0,105.08759384,0,22,36.70541274,1
1,7900,126919,166566,HomeImp,Mgr,10,,,,,,,1
0,7900,,67081,HomeImp,Office,1,0,0,59.081541425,0,4,41.077878217,1
0,8000,45557,56235,DebtCon,,7,,1,84.691134882,,16,36.503160752,1
1,8000,49685,81020,HomeImp,Other,2,0,3,129.3624659,0,15,47.000975215,1
0,8000,45000,56100,HomeImp,Other,9.9,0,0,92.3,3,34,,1
0,8000,69341,86900,DebtCon,Office,15,0,1,89.266666667,0,9,,1
0,8000,70917,83500,DebtCon,Mgr,8,0,0,107.5,0,23,,1
0,8000,79200,116500,HomeImp,Other,8,,,,,,,1
0,8000,76600,96000,DebtCon,Mgr,2,0,0,73.033333333,2,24,,1
1,8000,4500,,DebtCon,Other,1,3,2,102.43333333,6,15,,1
1,8000,21944,31352,DebtCon,Other,0,1,1,33.433333333,9,3,,1
1,8000,86804,113000,DebtCon,Other,7,1,3,145.16666667,1,20,,1
1,8000,92487,113947,DebtCon,Other,8,0,3,151.81738872,0,19,26.457524449,1
0,8000,57361,71167,HomeImp,Mgr,2,0,1,130.76703495,0,22,29.381985445,1
1,8100,28523,39816,DebtCon,Other,5,0,0,130.64393328,0,16,37.393526416,1
0,8200,171456,246758,DebtCon,Sales,,0,0,138.15481817,0,21,40.337860758,1
0,8200,172497,249071,DebtCon,Sales,,0,0,114.98197436,0,21,41.098025151,1
0,8200,51730,59025,DebtCon,Other,16,0,3,220.81329019,0,37,24.380092654,1
1,8200,87979,94854,HomeImp,ProfExe,10,0,0,108.47902378,3,19,41.270682597,1
0,8200,135929,200275,DebtCon,ProfExe,0,0,0,69.617174882,1,23,37.805432649,1
1,8300,82000,111000,DebtCon,Other,6,2,2,214.1,2,12,,1
0,8300,61213,65798,HomeImp,Other,6,0,0,86.296515758,2,20,41.426872232,1
0,8300,101150,115215,HomeImp,Office,23,0,0,130.25632943,0,12,36.50599948,1
0,8300,67839,76502,DebtCon,ProfExe,9,0,0,58.560174005,3,24,38.974293529,1
0,8400,53841,64284,DebtCon,Other,15,0,3,206.35456436,0,36,26.054853712,1
0,8400,62989,76718,HomeImp,Mgr,3,0,2,131.47138261,0,22,29.200400339,1
1,8400,31800,72000,DebtCon,Self,,0,2,187.26666667,1,21,,1
0,8400,43900,55000,DebtCon,Office,1,0,0,169.43333333,1,21,,1
1,8400,44800,56000,DebtCon,Other,0,1,5,314.5,4,42,,1
1,8400,48032,95213,HomeImp,Office,5,1,4,326.67959049,0,30,38.191681736,1
1,8400,32000,49000,HomeImp,Mgr,12.6,0,3,41.3,2,18,,1
0,8500,,42980,HomeImp,Other,,,1,76.010752573,0,9,37.659668201,1
1,8500,30077,42770,DebtCon,Office,0.25,0,0,89.266666667,0,10,,1
1,8500,48961,73550,HomeImp,Other,11,6,1,145.1,4,11,,1
0,8600,172418,251426,DebtCon,Sales,,0,0,120.57263313,0,22,40.925910594,1
0,8600,41126,55500,DebtCon,Other,6,0,0,73.033333333,1,11,,1
0,8600,76703,100862,HomeImp,Other,0,0,1,174.55712019,0,31,34.386230664,1
0,8600,66366,75957,DebtCon,ProfExe,8,0,0,72.916721072,2,25,39.660408739,1
0,8700,52388,64332,HomeImp,Other,1,0,,91.112060841,,12,36.874927508,1
1,8800,12750,,HomeImp,Office,23,,,,,,,1
1,8800,67200,80300,HomeImp,Other,10,4,1,135.86666667,1,33,,1
1,8900,33208,75000,DebtCon,Mgr,22,0,3,166.2,1,33,,1
1,8900,64343,84013,DebtCon,Other,4,0,0,39.221719253,0,12,35.788437459,1
1,8900,133847,157399,HomeImp,ProfExe,17,0,2,70.884144094,0,12,34.702330738,1
1,9000,31170,50725,DebtCon,Other,16,0,0,93.066666667,0,18,,1
1,9000,84532,104000,DebtCon,ProfExe,3,0,0,50.666666667,1,3,,1
0,9000,47350.86,105000,DebtCon,ProfExe,6,0,1,227.26666667,0,10,,1
0,9000,96884,110108,DebtCon,Other,18,0,2,194.8,2,16,,1
0,9000,82700,121000,DebtCon,Office,9,0,0,131.9,1,22,,1
0,9100,50606,58822,DebtCon,Other,11,0,0,89.644833421,0,22,36.302409222,1
1,9100,17218,36721,DebtCon,Other,8,0,1,115.75209332,3,5,37.479410286,1
0,9100,62976,77829,HomeImp,Mgr,0,0,2,131.19349603,0,23,26.090418913,1
0,9300,79724,105493,DebtCon,Mgr,2,0,0,63.43088731,2,23,39.38611808,1
0,9300,79133,100033,DebtCon,Other,3,0,0,102.16302743,2,31,40.794635454,1
1,9300,78000,97700,DebtCon,Mgr,12,0,2,88.5,4,29,,1
1,9300,24000,37125,DebtCon,Office,3.5,1,1,148.03333333,2,19,,1
0,9300,21138,30700,DebtCon,Other,3,,,,,,,1
0,9300,53772,71497,HomeImp,Mgr,2,0,2,136.08002985,0,23,29.686670844,1
0,9400,49484,59137,DebtCon,Other,10,0,0,102.27267659,0,22,37.269131082,1
1,9400,52024,89107,HomeImp,Office,0,1,0,148.84473761,3,26,36.080031774,1
0,9400,57000,70000,DebtCon,Other,4,0,0,179.56666667,2,17,,1
0,9400,61213,70800,HomeImp,Other,5,0,0,75.862659733,3,20,39.403812388,1
0,9400,53756,76077,HomeImp,Office,12,2,0,244.11665292,2,29,33.374570631,1
0,9400,92340,125451,DebtCon,Office,7,0,0,129.11372481,1,22,36.349974603,1
0,9500,21900,35250,HomeImp,Mgr,16,0,0,59.866666667,1,10,,1
0,9500,59494,75930,HomeImp,Other,0,0,0,98.99850784,0,6,36.888436373,1
0,9600,62405,69459,DebtCon,Other,0,0,2,86.431831744,2,18,36.260331272,1
0,9600,70589,99384,HomeImp,Other,0,0,1,176.4674623,0,31,34.234789575,1
1,9600,42357,99756,HomeImp,Office,4,1,4,354.65022495,0,30,36.525172928,1
0,9600,46683,61773,DebtCon,Office,1,0,0,171.05844903,1,20,38.005289312,1
1,9600,24680,43500,DebtCon,Other,18,0,3,114.66666667,0,19,,1
0,9600,50655,59502,DebtCon,Other,0,0,0,93.432844102,0,20,37.982353508,1
0,9700,84933,122520,DebtCon,Office,10,0,0,141.43307599,1,23,36.795013963,1
0,9700,108000,210000,HomeImp,ProfExe,2.3,0,0,124.83333333,1,15,,1
0,9700,77394,86917,DebtCon,Office,16,0,1,81.461400461,0,9,27.705856544,1
0,9800,74962,108730,HomeImp,ProfExe,4,0,1,76.392416053,1,33,37.32134756,1
1,9800,36500,54000,HomeImp,Other,17,0,1,105.66666667,5,19,,1
0,9800,54681,74097,DebtCon,Other,2,0,1,106.88889374,3,18,36.618660862,1
0,9800,53643,113161,DebtCon,ProfExe,5,0,1,230.30325656,0,9,23.773610404,1
0,9800,55330,78154,HomeImp,Mgr,2,0,1,122.70553687,0,23,28.896101856,1
1,9900,37609,120186,DebtCon,Other,,0,0,176.36783901,3,30,53.178911112,1
0,9900,28432,36605,HomeImp,Office,0,0,0,111.53162529,1,29,37.588195648,1
0,10000,75976,91000,DebtCon,Other,10.5,0,0,171.46666667,5,22,,1
1,10000,22000,41250,HomeImp,Mgr,5,0,0,97.966666667,0,21,,1
1,10000,86000,111000,DebtCon,Other,6.5,0,1,91.966666667,3,17,,1
1,10000,186000,225750,HomeImp,ProfExe,2,0,0,75.866666667,,5,,1
1,10000,57238,101500,DebtCon,ProfExe,10,0,0,106.83333333,0,36,,1
0,10000,63005,78500,DebtCon,Other,3,,,171.76666667,,35,,1
0,10000,,42497,HomeImp,Mgr,6,,,165.43333333,,9,,1
0,10000,59764,77870,DebtCon,Sales,7,0,0,136.9,0,35,,1
0,10000,80000,107900,HomeImp,ProfExe,12,0,2,176.53333333,0,28,,1
0,10000,48041,76050,HomeImp,Other,3,0,2,185.7,0,13,,1
0,10000,88777.5,112014,DebtCon,ProfExe,13,0,0,182.63333333,2,18,,1
1,10000,42300,,DebtCon,Mgr,11,1,0,31.4,3,5,,1
1,10000,5200,53095,HomeImp,Other,5,3,3,234.33333333,3,17,,1
1,10000,46946,65000,HomeImp,Office,7.2,0,1,80.1,1,12,,1
1,10000,59929,,DebtCon,Other,5,,,,,,,1
1,10000,13161,37700,DebtCon,Other,,3,0,79.1,2,9,,1
1,10000,65000,80000,DebtCon,Other,2,0,0,26.366666667,3,2,,1
1,10000,50070,60670,HomeImp,Other,5,2,0,15.233333333,0,1,,1
1,10000,69727,90312,HomeImp,Office,4.5,5,1,122.83333333,,17,,1
1,10000,,65088,HomeImp,Mgr,3.5,4,5,205.06666667,2,39,,1
1,10000,66399,78000,,ProfExe,0.9,0,0,112.6,0,15,,1
1,10000,90700,123370,DebtCon,ProfExe,15,2,0,90.3,1,4,,1
1,10000,34900,48000,HomeImp,Other,3,0,0,288.16666667,1,3,,1
1,10100,,25300,DebtCon,Other,,1,0,122.3,1,5,,1
1,10100,60200,74000,DebtCon,Other,4,,4,128.86666667,5,24,,1
0,10200,51108,68673,DebtCon,Mgr,6,,,116.67936716,,23,42.775643911,1
0,10200,84196,91642,DebtCon,Other,1,0,0,104.83507193,1,32,38.376112633,1
0,10200,71111,80385,DebtCon,Office,4,1,2,170.28188255,2,29,38.62337208,1
0,10200,54900,79000,DebtCon,Office,14,0,0,113.63333333,0,24,,1
1,10200,29581,39992,DebtCon,Self,3,0,0,149.87462567,2,26,43.197242061,1
0,10200,86400,113698,HomeImp,ProfExe,11,0,1,181.54292704,0,27,35.031650879,1
0,10300,45275,62724,HomeImp,Other,11,0,1,109.32463871,3,34,37.291824994,1
1,10300,39893,55000,DebtCon,Other,1.5,0,1,99.433333333,2,32,,1
0,10400,66044,83531,HomeImp,Office,12,0,0,241.51415322,0,31,45.569842652,1
0,10400,57816,82047,HomeImp,Other,3,0,1,176.65689456,0,12,30.674205288,1
0,10500,26000,39000,DebtCon,Other,9,,1,152.23333333,7,29,,1
0,10500,57372,67960,DebtCon,ProfExe,1.5,0,0,158.26666667,2,35,,1
1,10500,,18600,HomeImp,Other,24,,,,,,,1
1,10500,41500,56247,DebtCon,Other,8,0,1,70.033333333,2,24,,1
0,10500,76729,102287,HomeImp,ProfExe,5,0,0,89.062698773,1,33,38.447658863,1
1,10500,55267,65160,DebtCon,Other,1,0,0,108.27542318,8,22,47.079285365,1
0,10600,47701,66500,DebtCon,Other,10,0,0,103.01428965,0,23,37.310006097,1
0,10600,37742,64334,DebtCon,Mgr,,,,,,,37.541257884,1
1,10600,61294,82646,DebtCon,ProfExe,5,0,4,87.859169291,2,13,36.395148149,1
0,10600,46589,64559,HomeImp,Other,8,0,0,85.230876487,2,33,40.451392536,1
1,10600,22000,35200,DebtCon,Mgr,13,0,0,90.333333333,5,14,,1
0,10600,63245,82041,DebtCon,Office,3,1,3,184.5725782,3,29,38.219034312,1
0,10700,85198,107044,HomeImp,ProfExe,0,0,0,66.758325469,0,19,36.846466819,1
0,10700,59588,69166,HomeImp,Other,6,0,0,133.90650517,0,17,36.180857581,1
0,10700,50210,64838,HomeImp,Other,9,0,0,95.039168276,2,34,40.396233444,1
0,10700,54091,67661,HomeImp,Other,27,0,2,188.53398908,0,24,38.589372345,1
1,10800,64305,107374,DebtCon,ProfExe,9,0,0,97.861325762,0,36,36.996385659,1
0,10800,70214,83882,DebtCon,Office,4,1,2,172.79930087,3,30,38.588823585,1
0,10800,49254,80527,HomeImp,Other,2,0,2,202.53743039,0,13,29.551583139,1
0,10800,44355,57742,HomeImp,Other,20,0,1,129.73199214,0,22,38.042767861,1
0,10800,,,,,,,,,,,,1
1,10800,75000,87400,HomeImp,Other,7,1,0,101.46666667,2,19,,1
0,10800,78898,86567,DebtCon,ProfExe,9,0,0,179.83082878,0,12,40.291951983,1
0,10800,83441,92148,DebtCon,Mgr,5,0,0,119.14584404,1,26,40.978635322,1
0,10800,67171,82138,HomeImp,Other,2,0,0,89.124526305,0,6,38.8031464,1
1,10900,86754,110000,DebtCon,ProfExe,13,0,2,103.43333333,0,19,,1
0,10900,25061,35792,DebtCon,Other,3,,,,,,37.10471224,1
0,10900,51990,76918,HomeImp,Other,0,0,1,180.81810233,0,12,29.555406533,1
1,10900,49352,56529,DebtCon,Other,7,0,1,78.833617625,2,23,36.174955236,1
1,11000,49000,66922,DebtCon,Other,11,0,2,91,3,32,,1
0,11000,63847,86500,HomeImp,Office,26,0,0,170.43333333,2,14,,1
1,11000,54100,70438,DebtCon,Self,2,3,1,115.6,1,25,,1
1,11000,62227,81250,DebtCon,Office,9,0,5,123.76666667,3,34,,1
1,11000,85474,118125,HomeImp,Office,2.5,2,0,132.93333333,1,9,,1
0,11000,43614,60831,DebtCon,Other,3,0,2,84.444746145,0,20,36.673648152,1
0,11000,83639,98081,DebtCon,Other,10,0,0,155.37122034,4,22,42.539685706,1
1,11000,49000,68000,HomeImp,Other,2,2,3,9.1,3,15,,1
0,11100,59232,71157,DebtCon,Mgr,5,,,108.21716051,,24,40.091831822,1
0,11100,79226,88112,DebtCon,ProfExe,10,0,1,179.64827359,1,12,40.670904725,1
0,11100,82849,113913,HomeImp,ProfExe,10,0,1,167.36102992,0,27,35.763333479,1
0,11100,27861,47737,HomeImp,Other,8,0,0,89.492116658,0,4,34.050949362,1
0,11100,80922,95105,DebtCon,Other,3,0,0,90.881292261,2,31,38.120810575,1
1,11100,52900,91741,HomeImp,Other,,1,1,93.110352698,,8,40.761453071,1
0,11100,35782,45550,HomeImp,Other,8,0,0,109.28434579,0,3,36.159805919,1
1,11200,68990,81922,DebtCon,Mgr,12,0,1,120.88581123,2,23,43.159875329,1
1,11300,29000,59900,HomeImp,Mgr,3,1,0,91.633333333,4,11,,1
1,11300,,,HomeImp,Other,,,,,,,,1
0,11400,,38246,HomeImp,Other,,,0,88.886975341,0,10,37.658388771,1
0,11400,75705,90727,DebtCon,Mgr,5,0,0,143.10103259,2,27,42.169926729,1
0,11400,51203,60716,DebtCon,Other,2,0,0,99.104082616,0,20,38.235312929,1
0,11500,43945,63337,DebtCon,Mgr,2,0,1,193.74248539,0,21,27.623493964,1
0,11500,77143,86862,DebtCon,ProfExe,8,0,1,164.59640287,1,12,39.449692717,1
1,11500,47597.57,75937.5,DebtCon,Other,13.5,0,0,89.4,0,7,,1
1,11500,67000,83000,DebtCon,ProfExe,4,,,,,,,1
1,11600,44623,,HomeImp,ProfExe,13,6,2,178.09322168,0,29,21.334651908,1
1,11600,57939,69774,DebtCon,Mgr,5,0,0,91.99164592,0,12,72.264093333,1
0,11600,50433,107092,DebtCon,ProfExe,5,0,1,225.18169134,0,9,24.95259473,1
1,11600,57200,72500,DebtCon,Other,5,0,0,34.466666667,4,15,,1
0,11600,28654,47042,DebtCon,Other,10,,0,158.0847883,7,29,38.477504842,1
1,11700,54085,68239,HomeImp,Other,2,1,2,8.0552650769,3,15,32.012658582,1
0,11700,59506,85000,DebtCon,Other,3,0,0,37.566666667,2,4,,1
0,11700,56990,83334,HomeImp,Other,4,0,2,177.43269886,0,13,30.998694504,1
0,11800,79131,102263,HomeImp,ProfExe,5,0,0,105.25389259,0,34,36.070978869,1
1,11800,67678,108092,HomeImp,ProfExe,13,0,7,126.65823161,0,36,37.162689687,1
0,11800,21813,30436,DebtCon,Office,5,0,1,104.01163591,0,16,19.408461231,1
0,11800,116742,137385,DebtCon,ProfExe,15,,1,170.54003506,1,33,30.785003591,1
0,11800,38825,51984,DebtCon,Other,,0,0,82.527794351,0,14,40.88273326,1
0,11800,98877,110250,DebtCon,Other,18,0,2,195.86291677,1,16,36.871699423,1
1,11900,108763,128780,DebtCon,Office,8,0,0,60.377932903,3,21,49.418114378,1
0,11900,,39433,HomeImp,Other,,,1,81.394829612,0,9,35.503664257,1
0,11900,117550,144178,DebtCon,ProfExe,15,,1,170.9458328,1,32,29.099981214,1
1,11900,58104,77870,HomeImp,Other,7,0,0,69.433333333,1,19,,1
1,11900,52814,72000,DebtCon,Other,12,0,0,123.6,0,20,,1
0,11900,97506,110902,DebtCon,Other,17,0,1,196.56812795,2,15,37.99899138,1
0,11900,114329,143915,DebtCon,ProfExe,15,,1,185.57266828,0,32,28.977738657,1
0,12000,84172,123415,DebtCon,Office,9,0,0,139.01844935,1,21,38.582669884,1
0,12000,35028,55079,HomeImp,Other,23,0,1,108.63396857,0,23,40.797457548,1
1,12000,50581,70171,HomeImp,Other,,0,2,206.3192338,1,12,29.843136669,1
0,12000,69796,93757,DebtCon,Office,16,0,1,91.432675908,0,8,24.459383678,1
1,12000,69000,92900,HomeImp,ProfExe,2,0,0,115.9,0,15,,1
1,12000,74427,96270,DebtCon,Other,18,0,1,169.73333333,2,40,,1
1,12000,,,HomeImp,Other,3,0,2,213.66666667,1,15,,1
0,12000,87000,101200,DebtCon,Sales,13,,2,151.13333333,1,18,,1
0,12000,73000,94900,DebtCon,ProfExe,9,3,0,189.7,1,30,,1
0,12000,53800,80000,DebtCon,Other,0.3,0,0,124.76666667,4,11,,1
0,12000,36346,54000,DebtCon,Other,,0,0,114.66666667,2,19,,1
0,12000,81000,99000,HomeImp,Other,20,0,0,136,4,24,,1
1,12000,,87000,DebtCon,Other,13,,,,,,,1
1,12000,75373,102602,HomeImp,Other,6,2,0,99.366666667,0,21,,1
1,12000,59099,82000,DebtCon,Other,10,0,2,219.13333333,0,33,,1
1,12000,15231,42845.01,DebtCon,Office,6.5,0,1,65.966666667,2,18,,1
1,12000,74265,91000,HomeImp,Other,7,1,0,137,0,3,,1
1,12100,29097,72647,DebtCon,Other,8,,,109.51487945,1,22,45.304760569,1
0,12100,90917,102400,DebtCon,Sales,11,,2,159.87451797,0,17,33.453728495,1
0,12100,50973,74183,DebtCon,Mgr,6,,,122.69182705,,24,41.128085307,1
1,12100,22000,38750,DebtCon,Other,0.8,0,0,167.4,1,17,,1
0,12100,12000,33938,DebtCon,Mgr,9,0,0,118.76666667,0,11,,1
0,12100,85121,113744,DebtCon,ProfExe,0,0,2,139.48533969,0,34,33.943437719,1
0,12100,28193,34705,DebtCon,Other,0,,,,,,37.618026904,1
0,12200,82904,125057,DebtCon,Office,8,0,0,131.6590526,1,21,37.273139992,1
0,12200,86775,111572,DebtCon,ProfExe,0,1,1,138.61008049,1,33,34.351808356,1
1,12300,48238,66603,HomeImp,Office,6,0,1,80.38898294,1,11,40.01910455,1
1,12300,78000,101200,HomeImp,Other,0.4,0,0,145.06666667,1,19,,1
1,12300,50230,70000,DebtCon,Sales,1,0,,184.36666667,2,20,,1
0,12300,27859,48393,HomeImp,Other,10,0,0,82.760160333,0,3,34.385367068,1
0,12300,92573,119325,DebtCon,ProfExe,2,1,2,157.6206429,0,33,34.775102513,1
1,12300,64265,90956,DebtCon,Other,10,0,1,233.15612479,0,32,32.908823864,1
0,12400,80510,97548,HomeImp,ProfExe,1,0,0,74.404263327,1,19,36.457349926,1
1,12400,57105,74582,DebtCon,Other,12,0,0,134.03176787,0,20,36.925736414,1
0,12400,34055,40739,DebtCon,Other,9,,0,147.01282696,6,29,39.930947359,1
0,12400,83018,96637,DebtCon,Other,2,0,0,95.902131333,2,32,41.244779194,1
1,12500,69117,101503,HomeImp,ProfExe,13,0,7,145.95301782,0,36,36.759984664,1
1,12500,41301,60000,DebtCon,Other,2,0,0,77.233333333,0,12,,1
1,12500,55000,75393,DebtCon,Other,0.75,0,1,113.03333333,1,16,,1
0,12500,71582,93400,DebtCon,Other,6,3,0,74.066666667,1,21,,1
0,12500,53354,79893,HomeImp,Office,10,2,0,249.43595428,1,29,35.020885785,1
0,12500,66163,83727,DebtCon,Office,4,1,2,176.93524748,3,30,36.774639954,1
1,12600,68800,86000,DebtCon,Mgr,3,2,1,202.86666667,8,26,,1
1,12600,41169.82,57000,DebtCon,Other,5.5,1,0,98.433333333,10,18,,1
1,12600,86785,110400,DebtCon,Other,0.7,1,,89.066666667,2,27,,1
0,12600,58247,72189,HomeImp,Other,30,0,3,198.24317597,0,23,35.794259842,1
0,12700,61840,73541,DebtCon,ProfExe,1,0,0,157.89244671,2,35,41.651691707,1
0,12700,53199,82567,HomeImp,Other,3,0,1,185.32503543,0,13,27.390380405,1
0,12800,66293,92423,HomeImp,Office,27,0,0,169.72388834,1,14,41.232162564,1
1,12800,40932,72172,DebtCon,Other,20,0,0,162.04401039,0,16,37.51836575,1
1,12800,81030,100333,DebtCon,Mgr,11,0,1,80.148943035,4,29,42.319370392,1
0,12800,77318,97616,DebtCon,Mgr,6,0,0,125.53480182,2,27,39.462663394,1
1,12900,94000,,DebtCon,Office,8,0,1,205.93333333,0,19,,1
0,12900,67038,110955,DebtCon,Office,9,0,0,147.19741366,0,12,37.085986081,1
0,12900,56957,73181,HomeImp,Other,29,1,3,179.09616602,1,23,36.394795447,1
0,13000,39386,53149,DebtCon,Other,4,0,0,110.4779566,1,16,38.521759005,1
1,13000,125969,144076,DebtCon,Other,4,0,0,110.19319627,2,30,48.977731698,1
1,13000,43744,60000,DebtCon,Self,22,0,1,21.266666667,1,15,,1
1,13000,137618,159000,DebtCon,ProfExe,9,2,6,106.53333333,6,37,,1
1,13000,111000,137813,,Mgr,6,2,2,138.33333333,3,65,,1
1,13000,152029,173750,HomeImp,ProfExe,20,0,0,19.333333333,7,5,,1
0,13100,59608,72561,HomeImp,Other,30,1,2,195.53871125,1,24,36.611072985,1
1,13100,22422,34800,HomeImp,Office,2.6,2,0,93.3,1,3,,1
1,13100,54000,74750,DebtCon,Other,14,1,0,92.4,0,9,,1
0,13100,58039,68558,HomeImp,Other,29,1,2,184.88001057,1,23,37.347348766,1
0,13200,58549,81381,DebtCon,Office,13,0,0,94.687106657,0,24,38.412756136,1
0,13200,22270,38437,DebtCon,Office,5,0,1,107.77338665,0,17,20.643199675,1
0,13200,117985,138969,DebtCon,ProfExe,16,,1,178.06475237,0,33,29.954230932,1
1,13300,60014,75695,DebtCon,Sales,1,0,,182.0643734,1,20,40.206671113,1
0,13300,38232,59482,DebtCon,Mgr,,,,,,,36.027104172,1
0,13300,74609,115056,DebtCon,Other,6,0,0,77.445106295,2,14,36.869212637,1
0,13300,44952,56394,DebtCon,Other,,0,0,74.435993325,0,14,41.060320697,1
1,13400,58307,71810,DebtCon,Other,9,0,2,82.708309337,2,32,36.947798216,1
0,13400,94102,114147,HomeImp,Office,2,0,0,137.70778301,0,21,36.801624728,1
0,13400,30507,47990,DebtCon,Other,7,,0,149.93529399,6,29,38.929265887,1
0,13400,65662,92050,DebtCon,Other,2,0,0,20.759215295,1,3,42.009390078,1
0,13400,66737,71117,DebtCon,ProfExe,0,0,0,163.13185891,2,34,40.943866269,1
0,13400,95084,117279,HomeImp,Office,4,0,0,145.96234363,0,21,39.244669483,1
0,13500,82036,104261,HomeImp,ProfExe,4,0,1,98.417753249,0,33,39.294102796,1
0,13500,42000,62800,DebtCon,ProfExe,6,0,0,153.16666667,2,12,,1
1,13500,65000,,DebtCon,ProfExe,14,0,2,105.5,4,34,,1
1,13500,80223,108491,DebtCon,ProfExe,4,0,4,127.8,2,27,,1
0,13600,64799,84425,DebtCon,Office,14,0,0,115.32388361,0,24,36.85085748,1
0,13600,89937,110986,DebtCon,Sales,14,,2,146.71874245,1,17,33.747115834,1
0,13600,58539,67899,HomeImp,Other,29,1,2,194.27383376,1,23,37.134421937,1
1,13600,30200,43600,HomeImp,Other,0,8,1,230.3,0,18,,1
1,13600,70000,88000,DebtCon,Mgr,16,0,0,,0,0,,1
0,13600,159591,182585,DebtCon,ProfExe,7,,1,199.69861743,3,25,42.319518305,1
0,13600,39997,56571,DebtCon,Other,6,0,0,111.00781887,2,15,38.773136983,1
0,13700,96225,112676,HomeImp,Office,2,0,0,144.53360587,1,22,38.781048258,1
0,13700,84761,95382,HomeImp,Office,,0,0,171.94583874,1,25,41.960105913,1
0,13700,64486,84759,DebtCon,Office,4,2,3,182.18025649,3,29,37.073413461,1
0,13700,59530,81068,DebtCon,Other,0,0,0,108.01914173,3,10,37.846648093,1
1,13800,35807,40700,DebtCon,Other,1,0,0,91.266666667,1,17,,1
0,13800,40674,61216,DebtCon,Other,,0,0,108.79023328,2,19,40.990703819,1
0,13900,41641,53200,DebtCon,Other,,0,0,83.062468192,0,15,42.403634209,1
1,13900,56710,59348,HomeImp,Other,14,2,1,176.53032737,0,39,24.393714522,1
0,13900,62103,80000,DebtCon,Office,5.5,0,0,120.7,1,20,,1
1,13900,51653,85578,DebtCon,Other,13,0,0,90.273079432,0,7,41.693377223,1
0,14000,,58407,,,8,0,0,107.53333333,0,15,,1
1,14000,,42500,DebtCon,Other,,,,,,,,1
1,14000,49207,70525,DebtCon,Office,3,3,3,205.96666667,2,51,,1
1,14000,,,HomeImp,Other,17,0,7,184.61319091,0,12,18.194280421,1
0,14100,98856,143292,HomeImp,ProfExe,13,0,0,105.77172611,4,21,37.458280401,1
1,14100,43927,60000,DebtCon,Other,0,0,0,0,12,8,,1
1,14100,61036,84979,HomeImp,Mgr,1,0,0,174.5911708,2,23,50.276214936,1
0,14400,63671,70982,DebtCon,ProfExe,0,0,0,169.34664702,1,34,42.791632518,1
0,14400,46955,67304,DebtCon,Other,2,0,0,171.6224654,0,13,36.555188948,1
0,14400,45138,52029,DebtCon,Other,,0,0,94.38539454,0,15,40.136054213,1
0,14500,70896,91652,HomeImp,Office,24,0,0,163.99161436,2,13,41.492816338,1
1,14500,149000,,DebtCon,ProfExe,25,0,2,384.5,0,71,,1
1,14600,124000,168000,DebtCon,ProfExe,4,0,0,146.86666667,2,29,,1
0,14600,82837,95796,DebtCon,Other,0,0,0,148.35522113,0,23,42.033084871,1
1,14700,94672,,,Other,14,0,1,67.038031911,0,11,40.317434429,1
1,14800,63800,96500,HomeImp,Mgr,9,0,4,185.43333333,2,14,,1
0,14800,49000,98900,HomeImp,Other,0.1,0,3,51.666666667,1,10,,1
0,14800,38000,59000,DebtCon,,6,1,0,107.53333333,2,10,,1
0,14800,43983,60826,DebtCon,,4,1,1,113.89796663,1,9,27.108081708,1
0,14800,63508,87310,DebtCon,Other,2,0,0,127.16522994,3,10,38.953722682,1
0,14800,60573,93187,DebtCon,Other,0,0,0,30.009474259,2,3,39.080207117,1
0,14900,85486,97795,HomeImp,Office,,0,0,173.01078502,1,26,41.583529165,1
1,14900,58204,71257,DebtCon,Office,3,3,2,206.51873487,1,50,43.762930265,1
1,15000,,,HomeImp,,1,1,0,108.53333333,0,22,,1
1,15000,63000,100050,DebtCon,Other,,1,0,135.3,1,20,,1
1,15000,4734,55500,HomeImp,Other,24,2,0,14.6,1,1,,1
1,15000,45000,68250,DebtCon,Other,7,0,1,55.966666667,0,4,,1
1,15000,86000,,DebtCon,Mgr,1,0,0,63.7,1,27,,1
1,15000,29000,105000,HomeImp,Other,7,0,4,97.666666667,1,8,,1
1,15000,38000,73200,DebtCon,Other,6,0,0,171.3,0,17,,1
1,15000,89000,122400,HomeImp,Mgr,1,0,2,136.46666667,0,19,,1
1,15000,106239,135942,DebtCon,ProfExe,19.5,0,1,9.1,2,24,,1
1,15000,18500,19000,DebtCon,Other,2,0,1,20.166666667,0,2,,1
1,15000,5500,29025,DebtCon,Other,25,0,5,275.5,1,19,,1
0,15000,50000,90000,DebtCon,ProfExe,5.5,0,0,130.86666667,2,22,,1
0,15000,42657,65000,DebtCon,ProfExe,18,0,0,181.6,0,23,,1
0,15000,48000,105000,HomeImp,Office,2,,3,142,1,24,,1
1,15000,62674,76950,HomeImp,Mgr,8,1,5,249.53333333,0,31,,1
1,15000,153000,185625,DebtCon,Mgr,8,,2,154.2,,31,,1
1,15000,33000,,,,0.9,7,5,144.86666667,0,20,,1
1,15000,,26100,DebtCon,Other,1.6,0,1,105.46666667,17,20,,1
1,15000,73500,105000,DebtCon,Other,1,0,2,205.93333333,2,25,,1
1,15000,40000,58000,,ProfExe,4,7,0,268.83333333,3,26,,1
1,15000,55300,81000,DebtCon,Other,5.3,8,0,259.73333333,4,30,,1
1,15000,166000,182175,DebtCon,,3.5,4,0,74.066666667,2,14,,1
1,15000,47000,73900,DebtCon,Office,2,1,5,73.1,1,16,,1
1,15000,125000,177100,HomeImp,ProfExe,10,3,1,221.16666667,0,14,,1
1,15000,77544,102000,DebtCon,Sales,4,0,0,11.7,2,35,,1
1,15000,61265,,DebtCon,Office,22,0,0,186.66666667,1,21,,1
1,15100,45351,65481,DebtCon,Other,4,0,0,91.715292521,9,18,39.070153046,1
0,15100,49533,63607,DebtCon,Other,2,0,0,180.52329284,0,14,36.377182949,1
0,15100,,57940,DebtCon,Office,0,0,0,86.894929919,1,8,38.850348541,1
0,15100,96763,114896,HomeImp,Office,2,0,0,144.52964999,0,21,36.371704029,1
1,15100,,,,,0,0,0,,0,0,,1
0,15100,53549,99812,DebtCon,ProfExe,4,0,0,127.12214723,2,21,37.957103675,1
0,15200,5076,66536,DebtCon,Sales,2,0,0,323.10200419,0,5,40.252928754,1
1,15200,96341,118734,DebtCon,Other,1,1,,90.732780399,1,26,39.140055969,1
0,15300,101000,112500,DebtCon,Other,1,0,0,129.86666667,2,21,,1
0,15300,42100,65000,DebtCon,Other,7,0,0,95.333333333,3,15,,1
0,15300,109767,117552,DebtCon,ProfExe,0,0,0,125.9425923,0,30,37.68939304,1
0,15300,84989,98781,HomeImp,Office,,0,0,184.54574572,0,25,43.016977602,1
1,15400,63456,96794,DebtCon,ProfExe,3,0,0,85.529362471,0,28,37.362645,1
0,15400,110900,126400,DebtCon,,16,0,0,179.56666667,1,18,,1
0,15400,,55421,DebtCon,Office,2,0,0,81.278511267,2,9,38.723895033,1
0,15400,39452,56834,DebtCon,Other,7,1,0,120.0565557,1,15,39.908934154,1
0,15400,50121,67755,DebtCon,Other,3,0,0,168.74803195,0,14,37.560862761,1
0,15500,116543,133986,DebtCon,,17,0,0,164.6813583,1,18,37.570819629,1
0,15600,105959,121747,DebtCon,Other,0,0,0,120.53313143,2,21,39.294812813,1
1,15600,74156,101136,DebtCon,Mgr,11,0,3,107.38846759,0,24,27.69600093,1
1,15600,63500,80000,DebtCon,Sales,0.2,3,0,104.56666667,2,20,,1
1,15600,62582,131510,DebtCon,Self,2,0,2,122.60405287,1,17,38.588222397,1
1,15700,53443,77704,DebtCon,Office,2,0,5,73.087538893,0,16,45.195495871,1
0,15700,64185,84000,DebtCon,Other,0.2,2,2,112.03333333,2,26,,1
1,15700,53478,68885,DebtCon,Other,5,0,0,83.69551611,5,17,40.349929995,1
0,15800,89765,111792,DebtCon,ProfExe,1,0,2,143.35553116,1,34,33.058835116,1
1,15800,104913,121214,DebtCon,ProfExe,2,0,0,134.00383024,0,21,44.915160551,1
0,15800,78905,97628,DebtCon,Other,0,0,0,152.17113748,0,23,42.218282221,1
0,15800,58388,100944,HomeImp,Other,0,0,3,51.525147534,1,10,39.862520135,1
1,15800,42504,64847,HomeImp,Other,,0,0,120.73801298,2,18,36.834457555,1
1,15800,69928,,,Other,23,0,3,82.443985587,1,14,32.327262456,1
0,15900,52012,105877,HomeImp,Other,0,0,2,50.53156169,1,10,40.392256543,1
1,15900,89500,104200,DebtCon,ProfExe,15,0,3,183.63333333,0,37,,1
0,15900,107336,120451,DebtCon,Other,1,0,0,123.46551939,2,21,37.99240801,1
0,15900,71841,96424,HomeImp,Office,10,,,111.43725111,0,11,36.954969611,1
0,15900,58518,82095,HomeImp,ProfExe,10,0,2,177.24777998,0,14,28.818793116,1
0,16000,82097,100225,DebtCon,Other,0,0,0,129.3745132,0,22,39.827217203,1
0,16000,90900,152300,HomeImp,ProfExe,5,0,0,102.5,0,17,,1
0,16000,42000,63400,HomeImp,Office,3.5,0,0,123.8,0,18,,1
1,16000,88238,117500,DebtCon,Other,4,0,3,176.46666667,5,34,,1
1,16000,70000,87400,DebtCon,Office,18,,3,145.86666667,3,18,,1
0,16000,52546,63837,DebtCon,Other,7,0,1,122.19632494,2,49,30.143261328,1
0,16000,66395,85782,DebtCon,Other,1,2,1,99.519217551,1,25,33.20696963,1
1,16100,33209,52000,DebtCon,Other,8,0,0,91.3,1,15,,1
0,16200,49780,109050,HomeImp,Office,2,,2,128.28852927,0,23,39.57681143,1
1,16200,71530,88569,DebtCon,Mgr,14,0,0,,0,1,35.886710153,1
1,16200,34984,46382,DebtCon,Other,11,0,0,175.14431949,3,20,39.740928127,1
1,16400,48700,72500,DebtCon,Other,,0,1,127.3,1,39,,1
0,16400,47428,76483,DebtCon,ProfExe,4,0,0,232.31554471,3,31,33.106835776,1
1,16500,94403,,DebtCon,Office,9,0,1,217.78684139,0,19,,1
1,16500,143404,165267,DebtCon,Mgr,14,0,1,169.7373629,1,31,36.178122,1
1,16500,65900,87000,DebtCon,Other,26,0,3,109.56666667,5,35,,1
1,16500,67000,109500,DebtCon,Mgr,2,4,0,217.1,2,24,,1
1,16600,42259,,DebtCon,Other,1.5,1,3,209.96666667,0,20,,1
0,16700,54079,112463,HomeImp,Office,1,,3,134.92571376,1,23,37.033954387,1
0,16700,29404,45209,DebtCon,ProfExe,20,0,1,195.55232961,2,16,31.058084364,1
1,16800,44983,65000,DebtCon,Sales,4,2,1,77.033333333,6,43,,1
0,16800,50050,140222,DebtCon,Other,4,0,0,272.49983533,5,43,40.033378243,1
1,16800,87300,155500,DebtCon,Other,3,0,0,1154.6333333,0,0,,1
1,16900,63800,85000,DebtCon,Other,2,0,6,127.8,2,33,,1
1,17000,54218,75000,DebtCon,Mgr,5,1,0,177.5,6,35,,1
1,17000,74910,112375,DebtCon,Office,41,0,0,95.2,3,28,,1
1,17000,43000,63500,DebtCon,Other,8,0,0,46.666666667,3,11,,1
0,17100,43085,68758,DebtCon,Other,7,0,1,103.68385576,3,49,30.3535487,1
0,17100,92853,130864,DebtCon,Mgr,6,,,244.72881087,3,41,37.492645631,1
1,17200,50742,71000,DebtCon,Other,15,0,0,,0,0,,1
0,17300,51185,65537,DebtCon,Other,6,0,1,129.83794119,3,49,29.311594064,1
1,17300,73000,95000,DebtCon,Other,5,2,1,90.3,6,30,,1
1,17400,54161,75500,DebtCon,Office,4,0,0,23.333333333,5,11,,1
0,17400,64163,84948,HomeImp,ProfExe,12,0,2,172.71116574,0,13,27.979694402,1
1,17400,79623,113658,DebtCon,Other,0,0,2,212.12914517,2,25,35.106719635,1
1,17500,76100,98500,DebtCon,Other,5,10,1,59.833333333,5,16,,1
0,17500,73071,94267,DebtCon,Office,1,0,0,160.45470053,3,19,32.276809318,1
1,17500,56647,78000,DebtCon,ProfExe,11,3,2,92.3,7,29,,1
0,17600,56090,103992,HomeImp,Other,1,0,2,46.875135751,1,10,39.081826438,1
0,17900,63559,81536,HomeImp,ProfExe,13,0,3,176.87076849,0,13,26.189767088,1
1,17900,96450,135822,HomeImp,ProfExe,6,0,1,90.3,6,5,,1
1,17900,,31953,HomeImp,Other,10,0,1,74.429307591,1,2,29.975603348,1
1,18000,12900,21500,HomeImp,Office,5,3,0,109.56666667,0,33,,1
1,18000,48724,72654,DebtCon,Other,7,0,0,62.088605958,0,4,31.570298921,1
0,18100,53524,102133,HomeImp,Other,0,0,3,52.94238739,1,9,40.616797274,1
1,18100,23590,215548,DebtCon,Mgr,10,7,2,136.5300202,10,41,33.272297524,1
1,18200,95091,113294,DebtCon,ProfExe,15,0,3,188.50461695,0,36,78.654386048,1
0,18300,90099,118545,DebtCon,ProfExe,12,0,0,140.51585064,3,18,38.899231691,1
0,18300,35975,60500,DebtCon,Office,13,0,2,118.66666667,1,22,,1
1,18300,60100,82506,DebtCon,ProfExe,10,3,1,171.46666667,2,64,,1
1,18400,88352,110216,HomeImp,Other,1,0,0,376.72364282,3,31,47.830671133,1
0,18500,10934,66367,DebtCon,Sales,1,0,0,326.56732823,0,5,38.151671011,1
0,18500,67290,95750,DebtCon,Other,,2,1,237.1,2,14,,1
0,18600,72860,90347,DebtCon,Other,0,1,1,104.04046687,2,26,36.025925278,1
1,18600,73473,105848,HomeImp,Mgr,9,0,4,186.71283572,1,14,27.646036576,1
0,18600,84874,115759,DebtCon,ProfExe,9,0,0,146.06981083,3,18,39.834319933,1
0,18700,68196,89641,DebtCon,Other,0,2,1,112.97604123,1,26,34.414621628,1
1,18700,70562,91223,DebtCon,Other,27,0,2,112.71036806,4,35,64.272476898,1
1,18800,67666,167619,HomeImp,ProfExe,14,0,0,135.95180823,1,11,47.590528653,1
1,18800,73396,137076,DebtCon,Office,18,0,1,163.59204517,4,20,40.375372412,1
1,18800,63836,87000,DebtCon,Other,8,2,1,110.56666667,2,33,,1
0,18900,39727,68477,DebtCon,Office,11,0,2,134.27984227,0,22,40.42119971,1
1,18900,17800,40798,DebtCon,Office,6,2,0,167.46666667,2,16,,1
0,18900,69325,102438,DebtCon,Other,,2,1,222.65227491,2,13,43.524097796,1
1,18900,61429,84990,DebtCon,ProfExe,8,3,1,166.17939921,2,64,40.436704805,1
1,19000,42000,64000,DebtCon,Mgr,9,0,0,30.466666667,3,8,,1
1,19000,93050,118000,DebtCon,Office,1,0,0,40.566666667,0,10,,1
0,19100,51994,66467,DebtCon,Other,7,0,0,100.18188768,3,15,41.155082612,1
0,19100,73217,93033,DebtCon,Other,1,2,1,113.69456607,2,26,36.384163815,1
1,19300,96454,157809,DebtCon,Other,3,0,0,1168.2335609,0,0,40.206138263,1
0,19400,109812,172705,DebtCon,Office,5,0,0,204.10541489,3,23,43.338407206,1
0,19400,52677,80424,DebtCon,Mgr,9,2,0,65.847530367,2,28,34.950823101,1
0,19400,71515,100771,DebtCon,Other,,1,1,223.17108437,2,13,40.705043705,1
0,19500,9475,30000,DebtCon,Other,0,1,0,33.466666667,2,4,,1
0,19500,105000,138375,DebtCon,Office,12,0,2,219.13333333,0,25,,1
1,19500,50000,89100,,ProfExe,7,2,1,86.233333333,4,25,,1
1,19600,94419,123705,DebtCon,Self,19,,2,92.739380404,0,22,84.379034083,1
1,19600,109500,136000,DebtCon,ProfExe,12,2,0,183.96666667,3,32,,1
1,19700,62351,84624,DebtCon,Mgr,0,1,0,88.126516775,1,22,54.241334737,1
1,19900,93619,130000,DebtCon,Office,9,2,5,210.96666667,2,18,,1
1,20000,68958,99875,DebtCon,ProfExe,11,1,1,117.66666667,0,23,,1
1,20000,145500,194000,HomeImp,Self,4.5,0,0,67.9,5,5,,1
0,20000,,64928.84,HomeImp,Office,8,0,0,122.66666667,2,5,,1
0,20000,145000,117500,,ProfExe,5,0,0,96.4,3,34,,1
1,20000,151982,,DebtCon,Self,,2,5,146.5,1,43,,1
1,20000,16000,87300,DebtCon,Other,28,1,6,232.33333333,1,21,,1
1,20000,143000,185625,DebtCon,Office,1.5,2,3,73.033333333,2,11,,1
1,20000,21300,308600,HomeImp,ProfExe,2,1,0,274.9,0,30,,1
1,20000,142500,190000,DebtCon,Mgr,0.2,2,4,313.53333333,3,18,,1
1,20000,107000,146400,DebtCon,Office,0.1,0,2,234.33333333,2,32,,1
0,20200,88020,139200,DebtCon,Other,10,0,0,99.04640244,3,15,39.916957294,1
0,20200,45088,65211,DebtCon,Office,10,0,2,118.56966954,1,22,43.454512149,1
1,20200,33000,62400,HomeImp,Other,1,0,0,123.8,2,2,,1
1,20300,66667,92158,DebtCon,ProfExe,9,3,1,174.89210564,2,64,40.545680998,1
0,20400,81823,114832,DebtCon,Mgr,18,0,0,234.39204154,4,31,35.205818844,1
1,20500,113963,131135,HomeImp,Self,3,1,0,243.68060389,1,26,143.94960495,1
0,20500,,130396,HomeImp,Other,0,0,0,305.65642242,3,21,31.582252776,1
1,20500,106839,144460,DebtCon,Other,13,1,1,107.67138171,4,49,39.687089435,1
1,20600,52946,83558,DebtCon,Other,0,0,0,65.882879392,0,10,65.143593455,1
0,20700,72698,96691,DebtCon,Other,,2,0,233.5953067,1,13,42.62634036,1
0,20800,58440,99244,DebtCon,Office,1,0,4,174.95857724,0,46,37.488545687,1
0,20900,71972,101745,DebtCon,Mgr,6,0,0,67.324562017,6,23,38.513256182,1
0,20900,111464,144487,DebtCon,Office,11,0,1,206.67735326,0,25,40.065477156,1
1,20900,55000,79900,HomeImp,Other,2.5,0,0,45.631135531,1,14,,1
1,20900,61402,88659,DebtCon,ProfExe,9,3,0,164.24893233,1,63,40.921433337,1
0,21000,53572,80048,DebtCon,Mgr,9,2,0,69.906569837,2,27,34.931086497,1
1,21000,110000,138000,DebtCon,Mgr,16,8,2,154.2,3,30,,1
1,21000,69231,95000,DebtCon,ProfExe,8,0,7,116.7,1,22,,1
0,21000,106011,173778,DebtCon,Office,7,0,0,223.76961057,3,24,40.564750356,1
1,21000,52411,90031,,ProfExe,5,2,1,90.425474601,3,24,41.966249467,1
1,21100,72000,98000,DebtCon,Office,6,0,2,79.166666667,4,29,,1
0,21200,85092,139345,DebtCon,Other,9,0,1,87.64505947,3,14,42.13884767,1
0,21200,44097,64703,DebtCon,Office,12,0,2,123.89394862,1,21,40.139231794,1
1,21300,103989,143796,DebtCon,Other,9,2,0,135.23283605,3,20,44.382577891,1
1,21400,104657,147364,DebtCon,Other,7,2,0,149.25448005,2,20,46.305072149,1
0,21400,113053,147467,DebtCon,Office,11,0,2,219.1538803,0,24,41.824914424,1
1,21400,95147,132304,DebtCon,Office,7,1,5,206.12766482,1,18,36.235665389,1
1,21600,144276,190797,DebtCon,Mgr,0,1,4,313.42732166,2,18,37.971354949,1
0,21600,105759,139002,DebtCon,Office,11,0,2,213.03452176,0,24,40.903058402,1
0,21600,43449,68744,DebtCon,Office,11,0,1,121.95099104,1,22,40.916477381,1
0,21700,79240,96784,DebtCon,Mgr,5,0,0,64.508423594,6,24,38.078963128,1
1,21700,92382,168708,,Mgr,13,2,5,249.24276294,,24,29.369026403,1
0,21700,88313,139567,DebtCon,Other,11,0,0,89.839558205,3,14,39.09887429,1
0,21800,67305,99006,DebtCon,Other,,2,1,245.08777445,1,14,41.567662749,1
1,21800,76324,102287,DebtCon,Office,6,0,1,61.641325377,4,29,41.03238603,1
0,22000,15774,60115,DebtCon,Other,27,0,1,213.41423807,0,24,25.576809652,1
0,22000,143355,183799,DebtCon,ProfExe,6,,,174.84628965,3,43,42.221164626,1
1,22100,57000,83000,DebtCon,Other,7,0,0,,0,0,,1
0,22100,45993,67208,DebtCon,Other,8,0,1,60.457004767,2,18,34.780920331,1
0,22200,138584,180415,DebtCon,ProfExe,5,,,195.63280771,4,43,41.205399011,1
0,22200,137889,182973,HomeImp,Mgr,6,0,0,317.35612488,0,17,44.968713692,1
1,22300,75600,102000,DebtCon,Mgr,5,0,1,64.933333333,2,28,,1
0,22400,135912,181863,HomeImp,Mgr,7,0,0,316.99290614,0,17,45.006818085,1
1,22400,51470,68139,DebtCon,Mgr,9,0,0,31.16869601,2,8,37.952179906,1
0,22400,69774,107601,DebtCon,Mgr,2,,,248.39323688,5,23,40.962995121,1
1,22400,15765,40456,HomeImp,Other,0,1,3,117.66666667,0,12,,1
0,22400,16630,56824,DebtCon,Other,25,0,1,199.7384646,0,24,27.027787429,1
0,22400,71784,101695,DebtCon,Other,,2,1,239.90330404,2,14,42.816367563,1
1,22500,60700,91000,DebtCon,Self,13,0,0,145.06666667,6,29,,1
0,22600,233000,260000,HomeImp,Self,6,1,0,244.53333333,3,51,,1
1,22600,69675,92300,DebtCon,Other,16,0,6,240.43333333,0,30,,1
0,22700,73280,92961,DebtCon,ProfExe,8,0,1,109.57029237,3,26,34.614422556,1
1,23000,58577,69327,,Other,4,0,2,110.4144797,2,33,133.52827043,1
1,23000,72638,109183,DebtCon,ProfExe,2,0,0,177.61164796,2,22,48.277591224,1
1,23000,47000,78000,DebtCon,Other,17.8,2,1,100.46666667,0,28,,1
0,23100,71680,101492,DebtCon,Mgr,1,,,230.36161621,5,24,39.872708847,1
0,23200,144542,176611,DebtCon,ProfExe,5,,,179.239077,5,42,40.823160429,1
1,23300,84083,107407,DebtCon,Self,2,0,1,153.23333333,6,23,,1
1,23300,71734,100072,DebtCon,ProfExe,6,0,7,122.79944314,0,21,34.530438587,1
1,23500,52457,77436,DebtCon,Other,16,0,0,,0,0,33.568766269,1
0,23500,,131203,HomeImp,Other,0,0,0,318.84712976,3,21,31.084155792,1
0,23700,144373,180927,DebtCon,ProfExe,5,,,175.81537537,5,43,40.315790028,1
1,23800,19612,77300,DebtCon,ProfExe,15,0,6,173.46666667,0,19,,1
0,23900,7500,26500,DebtCon,Other,17,3,0,126.83333333,2,19,,1
0,23900,90475,136094,DebtCon,ProfExe,,0,1,207.78427098,0,21,30.549215834,1
1,24000,19500,38000,DebtCon,Other,,0,1,198.9,,17,,1
1,24100,30951,58000,DebtCon,Mgr,11,0,4,36.5,0,12,,1
1,24200,10286,,DebtCon,Other,24.5,0,1,216.13333333,4,32,,1
1,24200,39808,,DebtCon,Self,3,1,0,184.72511268,0,16,51.630380591,1
0,24300,110442,138581,DebtCon,Mgr,9,2,0,175.15368945,4,17,40.348885329,1
1,24500,95736,134000,HomeImp,Mgr,1.5,0,1,122.5,2,20,,1
0,24500,82756,122917,DebtCon,ProfExe,11,0,1,108.65014117,0,18,26.127436677,1
1,24700,79347,108238,DebtCon,Other,0,1,0,45.62588779,6,49,46.996034289,1
0,24800,,59934,DebtCon,Other,,0,1,305.68234683,0,18,38.029738357,1
0,24800,109084,140355,DebtCon,Mgr,11,2,0,183.79525849,5,18,40.604795833,1
1,24800,37200,67000,DebtCon,Other,10,1,8,242.46666667,4,23,,1
1,24800,76220,102087,HomeImp,Mgr,6,0,1,126.64101955,0,32,48.569574037,1
1,25000,74800,105000,DebtCon,Mgr,10,0,5,163.3,2,46,,1
0,25000,94000,125000,DebtCon,Office,11,0,1,151.13333333,0,29,,1
1,25000,70150,,DebtCon,Office,4,2,,104.53333333,0,7,,1
1,25000,98500,130000,DebtCon,Other,5,0,1,201.83333333,4,43,,1
1,25000,71081,112500,DebtCon,Mgr,3,2,0,87.2,1,27,,1
1,25000,184000,232760,DebtCon,Other,4,0,4,230.1,2,44,,1
1,25000,160000,220000,DebtCon,Other,7,0,6,228.06666667,2,35,,1
1,25000,82000,128325,DebtCon,Mgr,,0,1,10.133333333,,41,,1
1,25000,123184,200000,DebtCon,Other,12,0,1,160.3,1,32,,1
1,25000,90000,128000,DebtCon,Other,10,1,1,73.033333333,5,40,,1
1,25000,101250,135000,DebtCon,Self,3,0,0,301.3,4,46,,1
1,25000,106282,167500,HomeImp,ProfExe,14,2,4,198.86666667,2,28,,1
1,25000,68000,,DebtCon,Other,8,,1,134.76666667,3,33,,1
1,25000,59841,108620,,Self,20,0,0,101.46666667,0,4,,1
1,25000,86000,120000,DebtCon,Mgr,6,2,1,105.53333333,8,16,,1
1,25000,11300,154340,DebtCon,Other,19,1,5,119.66666667,1,21,,1
1,25000,39000,72500,DebtCon,Other,3,0,1,114.66666667,3,22,,1
0,25100,21490,71571,DebtCon,Other,,1,1,101.92513294,1,25,30.444119256,1
0,25200,22773,72541,DebtCon,Other,,1,2,92.583557,1,26,30.420914823,1
0,25400,61907,87133,DebtCon,Office,0,0,1,81.49211941,0,22,34.36469831,1
1,25500,63967,87239,DebtCon,Other,6,0,0,,0,0,33.051073753,1
1,25500,25828,44166,DebtCon,Other,,0,1,187.86251838,,17,39.427890157,1
0,25600,76383,103544,DebtCon,Mgr,0,,,222.24219828,5,24,42.93996933,1
1,25600,65030,92453,DebtCon,Other,5,0,0,,0,0,35.028856424,1
0,25900,80663,122372,DebtCon,ProfExe,10,0,1,133.66949395,0,18,26.573930791,1
0,25900,59575,85837,DebtCon,Other,22,0,1,189.75535052,0,19,24.874615108,1
1,26000,43314,71303,DebtCon,Other,8,0,7,246.31867494,3,23,43.215233511,1
1,26000,79714,,DebtCon,ProfExe,1,0,4,125.76666667,0,23,,1
0,26200,105096,136580,DebtCon,Mgr,9,2,0,181.35859173,4,17,39.187361612,1
0,26300,52394,93307,DebtCon,Other,24,0,1,184.65609577,0,19,23.54869835,1
0,26300,25530,79885,DebtCon,Other,,1,1,105.6387889,2,26,29.928636834,1
0,26400,240907,260638,HomeImp,Self,7,1,0,255.41551402,3,51,37.652919106,1
0,26500,23742,77878,DebtCon,Other,,2,1,99.37716841,2,26,28.876723751,1
1,26500,61223,92255,DebtCon,Other,2,0,1,214.03253889,0,17,1.8555399803,1
1,26800,138216,170052,DebtCon,ProfExe,10,0,0,199.73871138,1,29,76.421478047,1
1,26800,18459,53907,DebtCon,Other,0,0,0,200.41702708,0,6,71.512110567,1
1,26900,69000,106500,DebtCon,Sales,0.6,0,1,115.7,2,19,,1
1,27000,124000,162000,DebtCon,Other,0.8,0,2,166.36666667,1,34,,1
0,27000,60631,86091,DebtCon,Other,24,0,2,200.14145359,1,20,26.248756632,1
0,27200,83894,121302,DebtCon,ProfExe,6,0,1,124.2746965,0,18,29.732489312,1
1,27200,61118,35184,DebtCon,Sales,10,4,2,134.6489043,7,23,45.25528966,1
0,27200,58383,92484,DebtCon,Other,22,1,2,170.07232349,1,20,23.809820262,1
0,27300,55973,93503,DebtCon,Other,22,0,1,167.74173154,0,19,26.210175973,1
1,27300,106221,137727,DebtCon,Self,3,0,0,300.57451085,3,45,32.560359399,1
0,27600,54328,94216,DebtCon,Other,24,1,2,188.39374192,1,19,26.833312167,1
0,27700,63962,101676,DebtCon,Other,15,0,1,138.5694126,0,30,37.384588482,1
1,27700,61396,111627,,Self,20,0,0,87.002500108,0,4,84.61388869,1
0,27900,55859,92179,DebtCon,Office,0,0,1,94.932544383,0,23,33.09789894,1
0,28100,96160,128767,DebtCon,Office,10,0,1,154.67285803,0,29,41.117944577,1
1,28100,75768,,DebtCon,Other,9,,0,133.12186695,3,33,46.751800109,1
0,28200,90485,123674,DebtCon,Other,1,0,1,189.73474189,2,25,41.676985544,1
0,28200,51663,92860,DebtCon,Other,24,0,1,172.34065431,0,20,26.913004797,1
0,28600,94165,130285,DebtCon,Office,10,0,1,137.81333094,0,28,42.080016037,1
1,28600,126189,167157,DebtCon,ProfExe,19,0,2,239.22703591,0,26,31.012748928,1
1,28900,63748,36392,DebtCon,Sales,9,4,1,124.24789861,6,23,44.578500055,1
1,29900,22000,,DebtCon,Other,2,2,0,81.133333333,11,10,,1
1,30000,,46200,,,0,1,3,200.93333333,10,15,,1
0,30300,36014,76525,DebtCon,Mgr,14,0,0,88.934468851,5,16,34.9372716,1
0,30400,45747,78829,DebtCon,Office,0,0,0,174.36374815,3,18,41.256794683,1
1,30800,147577,187129,DebtCon,Office,11,0,0,,0,0,42.362252638,1
0,30900,230978,291013,DebtCon,ProfExe,12,0,1,268.39423798,1,26,26.248190692,1
1,30900,106717,,DebtCon,Mgr,4,2,4,172.43235473,0,13,47.795906106,1
0,30900,190480,298239,DebtCon,Other,27,0,1,164.60487057,0,23,39.601452126,1
1,31000,30000,72000,DebtCon,Mgr,20,2,0,127.3,1,14,,1
0,31200,14906,64767,DebtCon,Other,0,0,0,80.355570586,0,5,35.039075366,1
1,31500,22100,35000,DebtCon,Other,1.9,2,0,85.233333333,2,14,,1
1,31500,16000,43040,DebtCon,Other,0,1,1,98.433333333,1,11,,1
1,31800,60279,97875,DebtCon,Mgr,6,0,11,312.43333333,0,46,,1
0,31800,226152,283022,DebtCon,ProfExe,4,0,1,209.29737626,0,29,15.734143681,1
0,32300,235343,45270,DebtCon,Mgr,3,0,1,210.92240343,3,49,41.264805515,1
0,32600,233216,38583,DebtCon,Mgr,4,0,1,226.14698877,2,49,40.222182864,1
0,33000,232113,46286,DebtCon,Mgr,3,0,1,214.3529578,2,50,42.512000016,1
1,33500,54079,66261,HomeImp,Mgr,15,4,0,142,0,14,,1
0,33500,18934,42328,DebtCon,Mgr,5,0,0,38.699227219,0,6,34.222246713,1
0,34100,241931,36486,DebtCon,Mgr,1,0,2,196.00883159,3,50,42.458581788,1
0,34500,109000,159500,DebtCon,Other,,0,0,250.63333333,3,14,,1
0,34800,115191,165667,DebtCon,Other,,0,0,244.09766996,4,14,36.131175776,1
1,34800,121399,164000,DebtCon,Office,11,0,1,208,2,34,,1
0,35000,240994,39401,DebtCon,Mgr,3,0,1,210.50181736,3,50,42.967511635,1
1,35000,227000,316000,HomeImp,ProfExe,3,0,0,160.26666667,1,25,,1
0,35200,239513,37076,DebtCon,Mgr,0,0,1,183.37345235,2,49,40.779848704,1
0,35200,234682,37079,DebtCon,Mgr,2,0,1,216.6666372,2,50,40.410051409,1
0,35200,239987,43028,DebtCon,Mgr,2,0,1,210.18900524,3,49,41.336626731,1
0,35600,20552,46697,DebtCon,Mgr,7,0,0,45.14448683,0,6,36.062827417,1
0,35700,238104,43026,DebtCon,Mgr,3,0,1,206.64707856,3,49,41.276637124,1
1,36500,84978,125000,DebtCon,Self,10,0,1,213.06666667,0,64,,1
1,37300,68789,86172,HomeImp,Self,2,0,6,235.63790564,2,25,114.0505277,1
0,38000,58200,108000,DebtCon,Mgr,16,0,1,195.83333333,0,22,,1
1,38000,24447,,DebtCon,Office,3,0,4,134.9,2,25,,1
1,38000,94083,132791,DebtCon,Self,10,0,1,212.99272796,0,64,62.801732089,1
1,38700,119847,162365,HomeImp,ProfExe,13,0,0,149.80279545,0,39,47.915112415,1
1,38800,31976,,DebtCon,Office,2,0,3,134.54388598,1,24,,1
1,38900,120006,160771,HomeImp,ProfExe,13,0,0,137.6353734,0,40,46.701585238,1
1,39000,399412,511164,DebtCon,ProfExe,5,0,0,181.96240081,0,21,43.730031852,1
0,39100,68135,108723,DebtCon,Mgr,15,0,1,193.6861891,0,22,38.578992713,1
1,39400,162000,235000,DebtCon,Mgr,10,3,4,77.1,0,21,,1
0,39700,59360,117186,DebtCon,Mgr,16,0,1,203.13996827,0,22,40.138090445,1
0,40000,362000,465000,HomeImp,ProfExe,3,0,0,313.46666667,4,15,,1
1,40000,147224,225000,DebtCon,Self,2,0,4,158.2,3,28,,1
1,40000,53543,,DebtCon,Other,3.5,1,8,159.3,2,39,,1
1,40000,4742,,DebtCon,Mgr,5,7,1,304.36666667,6,21,,1
0,40100,58784,115430,DebtCon,Mgr,17,0,1,183.52005671,0,22,39.389156556,1
1,40400,83786,131000,DebtCon,Office,34,,13,210.6,3,36,,1
0,41200,99653,157923,DebtCon,Other,14,,1,213.48287428,3,30,40.908479949,1
1,41600,,44157,DebtCon,Other,,0,2,202.15154595,0,15,34.908631723,1
1,41800,147416,227168,DebtCon,Self,2,0,4,157.66823593,3,28,,1
0,41800,363737,469748,HomeImp,ProfExe,4,0,0,327.74375515,4,14,43.80929207,1
1,42000,102000,165000,DebtCon,Office,12,1,1,237.36666667,0,19,,1
1,43500,,855909,HomeImp,Other,16,0,0,196.40363636,0,23,42.985408377,1
1,44000,68600,125000,DebtCon,Self,5,0,2,92.3,0,23,,1
0,44900,95410,157649,DebtCon,Other,16,,1,216.10104618,4,31,40.483515251,1
1,45000,47321,115000,DebtCon,Other,,0,1,130.3,0,22,,1
1,47800,47354,119244,DebtCon,Other,,0,1,128.05109065,0,21,,1
0,47900,95377,157273,DebtCon,Other,16,0,0,236.30265954,8,18,39.103045244,1
1,50000,235000,295000,HomeImp,Mgr,6,0,1,110.56666667,8,23,,1
1,50000,38000,,DebtCon,ProfExe,26,7,6,150.2,0,25,,1
1,50000,80286,145000,DebtCon,Other,12,,1,178.76659936,0,35,,1
1,50000,30338,,DebtCon,Mgr,8,0,0,91.431004854,0,5,35.084000935,1
0,50400,43635,104114,HomeImp,Self,10,0,0,224.4829394,3,35,40.851444098,1
0,50400,40140,103789,HomeImp,Self,9,0,0,208.76657482,3,35,40.015262668,1
0,50800,48667,63130,DebtCon,Office,12,0,1,97.972183224,1,26,40.02592041,1
1,53600,235895,299772,HomeImp,Mgr,5,0,0,112.74828189,7,22,44.945929149,1
1,53600,208197,297280,DebtCon,ProfExe,4,1,1,160.48525117,2,29,41.646731499,1
0,53700,49669,63995,DebtCon,Office,12,0,1,92.966312748,2,26,40.101623422,1
0,53700,25813,78955,HomeImp,Other,3,2,0,243.51485546,7,14,42.998456034,1
0,63900,62200,140030,HomeImp,Office,10,0,1,126.8,0,12,,1
1,65500,205156,290239,DebtCon,ProfExe,2,0,0,98.808205619,1,21,144.18900129,1
0,65800,71611,146689,HomeImp,Office,8,0,1,132.84662311,0,11,41.7807059,1
1,77200,83962,215000,HomeImp,Self,8,1,2,71.533131923,3,14,,1
1,77400,87651,224630,HomeImp,Self,9,0,2,73.469630013,3,13,40.929793264,1
0,78400,13900,102910,HomeImp,,27,0,1,138,0,14,,1
0,79900,18363,109675,HomeImp,,27,0,1,132.76672403,0,13,31.642335073,1
0,82200,23197,110481,HomeImp,,26,0,1,127.76758759,0,14,30.942695109,1
0,88900,48919,93371,DebtCon,Other,15,0,1,205.65015947,0,15,34.818261819,1
